{
  "name": "spec:sanctum/halls",
  "fallback": "minecraft:empty",
  "elements": [
    {
      "weight": 8,
      "element": {
        "element_type": "minecraft:single_pool_element",
        "location": "spec:sanctum/halls/straight",
        "projection": "rigid",
        "processors": "minecraft:empty"
      }
    },
    {
      "weight": 2,
      "element": {
        "element_type": "minecraft:single_pool_element",
        "location": "spec:sanctum/halls/east_turn",
        "projection": "rigid",
        "processors": "minecraft:empty"
      }
    },
    {
      "weight": 2,
      "element": {
        "element_type": "minecraft:single_pool_element",
        "location": "spec:sanctum/halls/west_turn",
        "projection": "rigid",
        "processors": "minecraft:empty"
      }
    },
    {
      "weight": 4,
      "element": {
        "element_type": "minecraft:single_pool_element",
        "location": "spec:sanctum/halls/split",
        "projection": "rigid",
        "processors": "minecraft:empty"
      }
    },
    {
      "weight": 1,
      "element": {
        "element_type": "minecraft:single_pool_element",
        "location": "spec:sanctum/halls/dead_end",
        "projection": "rigid",
        "processors": "minecraft:empty"
      }
    }
  ]
}
